category,title,info,road_address,jibun_address,location,homepage,image
여행,무각사,"절,사찰",광주 서구 운천로 230,쌍촌동 1268-1복,광주광역시,['http://mugaksa.co.kr/'],https://search.pstatic.net/common/?autoRotate=true&type=w560_sharpen&src=https%3A%2F%2Fldb-phinf.pstatic.net%2F20150831_178%2F1440986530872Rbacu_JPEG%2F106457596822845_0.jpg
여행,동림유적근린공원,근린공원,광주 서구 천변우하로 469 유적 근린공원 화장실,동천동 660복,광주광역시,[],https://search.pstatic.net/common/?autoRotate=true&type=w560_sharpen&src=http%3A%2F%2Fblogfiles.naver.net%2FMjAyMzA0MzBfNTkg%2FMDAxNjgyODQ5ODM4MzAz.mEBygh5wOBGHPhdF1M7c8rd9Plsb7vVCARqEHxvYgTgg.9RCKUZuwUEgjo4cr1wH68InXSU_N-DK2g7U2v1tOODkg.JPEG.ddung78%2F20230505_190448.jpg
여행,화담사,기념물,광주 서구 화운로156번길 17-8,화정동 781-23복,광주광역시,[],https://search.pstatic.net/common/?autoRotate=true&type=w560_sharpen&src=http%3A%2F%2Fblogfiles.naver.net%2FMjAyMzA4MDFfMzAg%2FMDAxNjkwODU2NTU1NTMw.1DPxWuNAfGP0YbOvZ1u6zDM2xrpFBwuff9u1jV1_MIUg.JMjjWGrrW7KlE9zb787jW5LStK73CJXwcjDuUrJdih0g.JPEG.mynolto%2F%25C1%25A6%25B8%25F1%25C0%25BB-%25C0%25D4%25B7%25C2%25C7%25D8%25C1%25D6%25BC%25BC%25BF%25E4__%25BA%25B9%25BB%25E7%25BA%25BB-_1_-001_%252851%2529.jpg
여행,당고개순교성지,천주교,서울 용산구 청파로 139-26 당고개순교성지,신계동 56복,서울특별시 용산구,['http://www.danggogae.org/'],https://search.pstatic.net/common/?autoRotate=true&type=w560_sharpen&src=https%3A%2F%2Fldb-phinf.pstatic.net%2F20150831_255%2F1441024937992koeFY_JPEG%2F127073557153874_0.jpg
여행,용산신학교,문화재,,서울 용산구 원효로4가복,서울특별시 용산구,[],https://search.pstatic.net/common/?autoRotate=true&type=w560_sharpen&src=http%3A%2F%2Fblogfiles.naver.net%2FMjAyMzA3MjhfMjM2%2FMDAxNjkwNTIwMzkyMjEw.nuAlR3WhOWITc3ADWxgpiEMISzTbiE-UemuWnKr1Qycg.eC0w9fgF-bkt6BH_Wxtb8sCiQBSWZS262U0haADVEX8g.JPEG.yongsanpark_gallery%2F%25BB%25E7%25C1%25F8_14_%25BC%25BA%25BD%25C5%25BF%25A9%25C0%25DA%25C1%25DF%25B0%25ED%25B5%25EE%25C7%25D0%25B1%25B3_%25B3%25BB%25BA%25CE_%25BF%25BE_%25BF%25EB%25BB%25EA%25BD%25C5%25C7%25D0%25B1%25B3.jpg
여행,구용산수위관측소,기념물,울 용산구 청암동 169-1,"우편번호
140050복",서울특별시 용산구,[],https://search.pstatic.net/common/?autoRotate=true&type=w560_sharpen&src=http%3A%2F%2Fblogfiles.naver.net%2FMjAyMzA1MTNfMjMg%2FMDAxNjgzOTY1NzM3Nzc2.qxJw5IKn-Eftd86GN0V_LPw0eOzX2pnWab4GRF_Bss8g.9FW2TsevsCgkDAD4jo4i7iYiXcPMFcsnnsDLC4z1WFYg.JPEG.k1mchangs1k68%2FIMG_3022.jpg
여행,월봉서원,"문화,유적",광주 광산구 광곡길 133,광산동 452복,광주광역시,['http://www.wolbong.org/'],https://search.pstatic.net/common/?autoRotate=true&type=w560_sharpen&src=https%3A%2F%2Fpup-review-phinf.pstatic.net%2FMjAyMzA4MDFfMTk4%2FMDAxNjkwODQxMTkyNjc2.hCuwxh6zyp98T7KwhoVB9AQQGznvbCIOqgPv6qC5-4Qg.ENtZSnjHEmoYvKBFjqCV1dCYcXu8ZZKqCw4N6dWn0HAg.JPEG%2F20230731_103442.jpg
여행,용진정사,문화재,,광주 광산구 왕동복,광주광역시,[],https://search.pstatic.net/common/?autoRotate=true&type=w560_sharpen&src=http%3A%2F%2Fblogfiles.naver.net%2FMjAyMzA4MzBfMTA4%2FMDAxNjkzMzcxNjAwOTQ0.HaJSeEbORh8ARXKvEq-tPcNkwRILeJRag-opDfGaTmYg.4cR6BWHC63uWqinvXCoZ-Ck_6_tStJDGdlVugCsToL0g.JPEG.vov379000%2F1672577233963.jpg
여행,황룡친수공원,자연공원,주 광산구 선암동 241-31,"우편번호
506100복",광주광역시,[],https://search.pstatic.net/common/?autoRotate=true&type=w560_sharpen&src=https%3A%2F%2Fpup-review-phinf.pstatic.net%2FMjAyMzA2MTRfMjU1%2FMDAxNjg2NzAzNzI5ODAw.zzivtnwBDmCywX3hK9_bdFaHasv0DF-qg7zmLGXNZowg.T06I7zGjO8ro9lEMSqKFoR_r0vxLWcDk42aN4SMMexog.JPEG%2F20230520_142147.jpg
여행,양산호수공원,근린공원,광주 북구 하서로 311,양산동 288-3복,광주광역시,[],https://search.pstatic.net/common/?autoRotate=true&type=w560_sharpen&src=https%3A%2F%2Fmoment-phinf.pstatic.net%2FMjAyMzAzMjZfMjMx%2FMDAxNjc5ODM5NjgyNTI3.5trSwIvwnpnUw1rbFVOdf0TpIDyl9ccIH9Gzy50y2XEg.mZcXPkD7GHJsZccxG8A7KmBewa1Bg3aVWJhsnqh4Rmgg.JPEG%2F37e14dbe-cad7-4612-9ee5-bee2aab71b8b.jpg
여행,쌍암공원,"도시,테마공원",광주 광산구 첨단중앙로182번길 23,쌍암동 653-1복,광주광역시,[],https://search.pstatic.net/common/?autoRotate=true&type=w560_sharpen&src=https%3A%2F%2Fpup-review-phinf.pstatic.net%2FMjAyMzExMDVfMjMy%2FMDAxNjk5MTg3MTQ2Nzk3.PksEXGmaC-Gur5InqctVLkd2BLIKI0QakLQKhZtd9K0g.jA5O-E4AtcURsBy5l1bwT8lOgr69VX9ZnDUe9ARx65Mg.JPEG%2F20231104_165622.jpg
여행,대인시장,시장,광주 동구 독립로 284-2 대인시장1주차장,대인동 329복,광주광역시,['http://daeinmarket.modoo.at/'],https://search.pstatic.net/common/?autoRotate=true&type=w560_sharpen&src=https%3A%2F%2Fldb-phinf.pstatic.net%2F20150831_227%2F1441025353317cOjD2_JPEG%2F116355545626742_0.jpg
여행,상무시민공원,시민공원,광주 서구 상무공원로 101 5.18시민공원,치평동 1162복,광주광역시,[],https://search.pstatic.net/common/?autoRotate=true&type=w560_sharpen&src=https%3A%2F%2Fvideo-phinf.pstatic.net%2F20231009_242%2F1696858533747kX0dx_JPEG%2Fb813ac7d-66a8-11ee-ac75-48df379ccacc_03.jpg
여행,광주월드컵경기장,월드컵경기장,광주 서구 금화로 240 월드컵경기장,풍암동 423-2복,광주광역시,[],https://search.pstatic.net/common/?autoRotate=true&type=w560_sharpen&src=https%3A%2F%2Fldb-phinf.pstatic.net%2F20150901_140%2F1441059416262E4oFW_JPEG%2F116158545744871_0.jpg
여행,평화공원,근린공원,광주 서구 내방로 102,치평동 1204복,광주광역시,[],https://search.pstatic.net/common/?autoRotate=true&type=w560_sharpen&src=https%3A%2F%2Fpup-review-phinf.pstatic.net%2FMjAyMzA2MzBfNzMg%2FMDAxNjg4MTE4NTUzOTU0.sQxilkxAe0YPKYr4WGyBUIsX8Zm4fPfDTFHp5lAV49og.dp17QUhgXG-uCVXA-0JUIrBSKwidFkYbxQSdkoY30y8g.JPEG%2F20230630_072514.jpg
여행,5.18기념공원,테마공원,광주 서구 상무민주로 61,쌍촌동 1268복,광주광역시,[],https://search.pstatic.net/common/?autoRotate=true&type=w560_sharpen&src=https%3A%2F%2Fldb-phinf.pstatic.net%2F20150831_113%2F1441010464064IXs3T_JPEG%2F126172516752620_0.jpg
여행,동악산등산로,등산코스,,전남 곡성군 곡성읍 월봉리복,전라남도 곡성군,[],
여행,김포국제조각공원,테마공원,기 김포시 월곶면 고막리 435-14,"우편번호
10024복",경기도 김포시,['https://www.instagram.com/gimposculpturepark'],https://search.pstatic.net/common/?autoRotate=true&type=w560_sharpen&src=https%3A%2F%2Fldb-phinf.pstatic.net%2F20201029_12%2F1603960542930gYrEJ_JPEG%2FqX--yKI3RjuWDOQQOn52aN4G.jpg
여행,김포아트빌리지 전통한옥숙박체험관,전통숙소,경기 김포시 모담공원로 170-12,운양동 1325-10복,경기도 김포시,['https://www.gcf.or.kr/main/?mc_code=1418'],https://search.pstatic.net/common/?autoRotate=true&type=w560_sharpen&src=https%3A%2F%2Fldb-phinf.pstatic.net%2F20210714_273%2F1626247683764ADYMO_JPEG%2Fl43vuzbsua8DpX4KbaaSC7OB.jpg
여행,예천충효테마공원,테마공원,북 예천군 감천면 포리 675-4,"우편번호
757913복",경상북도 예천군,[],https://search.pstatic.net/common/?autoRotate=true&type=w560_sharpen&src=http%3A%2F%2Fblogfiles.naver.net%2FMjAyMjExMDFfNDIg%2FMDAxNjY3MjUyMDAyNDkw.wU0R8RUdy1KDtRntRoHiNz5xdaYENG9fFgvh-S2A6O4g.LIrfiLYW0ojZj2Lt2XUPcLJJEMpECErB0J2vwVHZe5wg.JPEG.zeropop0%2FIMG_2304.JPG
여행,삼강강당,문화재,,경북 예천군 풍양면 삼강리복,경상북도 예천군,[],https://search.pstatic.net/common/?autoRotate=true&type=w560_sharpen&src=http%3A%2F%2Fblogfiles.naver.net%2FMjAyMjA2MjBfMTg3%2FMDAxNjU1NzMyMTA2MDA1.pr785Vkm80JmprgIqJoge5rFJ_DffTUTNbqYkGrpJlog.EpU_ZczOUXz5LObczNRK7ANzrmaNvBL_V7iDDzanHuIg.JPEG.hohosm%2F%25BB%25EF%25B0%25AD%25B0%25AD%25B4%25E7_%252822%2529.jpg
여행,청도소싸움미디어체험관,"체험,홍보관",경북 청도군 화양읍 남성현로 346 청도소싸움미디어체험관,삼신리 1059-1복,경상북도 청도군,[],https://search.pstatic.net/common/?autoRotate=true&type=w560_sharpen&src=https%3A%2F%2Fldb-phinf.pstatic.net%2F20220117_77%2F1642409266134e3Au3_JPEG%2F20220111_%25C0%25FC%25B0%25E6.jpg
여행,풍암생활체육공원,"도시,테마공원",주 서구 풍암동 32-26,"우편번호
502831복",광주광역시,[],https://search.pstatic.net/common/?autoRotate=true&type=w560_sharpen&src=https%3A%2F%2Fpup-review-phinf.pstatic.net%2FMjAyMzA2MzBfMjU4%2FMDAxNjg4MTIwOTE0NDM4.2t34SyIzeh5XsWczV3txHg0FZdK0IZdeDQgh36eHxLog.agBI9cV1LpjN96moFEpf5qYekk3dV4bSBRFwv1FYYgMg.JPEG%2F16881209039737160424463029692867.jpg
여행,운천저수지,"저수지,제",,광주 서구 쌍촌동복,광주광역시,[],https://search.pstatic.net/common/?autoRotate=true&type=w560_sharpen&src=https%3A%2F%2Fldb-phinf.pstatic.net%2F20190819_134%2F1566195787040lk4jm_JPEG%2Fz6RaxiV3WBCqYg9n9ewgV7sv.jpg
여행,해병대사령부초대교회,개신교,울 용산구 용산동2가 2-18,"우편번호
140833복",서울특별시 용산구,[],https://search.pstatic.net/common/?autoRotate=true&type=w560_sharpen&src=https%3A%2F%2Fldb-phinf.pstatic.net%2F20181217_232%2F1545016466494sXXrp_JPEG%2F9FNgV4ARnhSp1e3HSlQLoICb.jpg
여행,화암동굴,동굴,원 정선군 화암면 화암리 산248,"우편번호
233861복",강원도 정선군,[],https://search.pstatic.net/common/?autoRotate=true&type=w560_sharpen&src=https%3A%2F%2Fldb-phinf.pstatic.net%2F20160831_145%2F14726316442223k6AF_JPEG%2Fhwaam.jpg
여행,소촌아트팩토리,복합문화공간,광주 광산구 소촌로85번길 14-9,소촌동 845복,광주광역시 광산구,['https://www.gwangsan.go.kr/sochon/'],https://search.pstatic.net/common/?autoRotate=true&type=w560_sharpen&src=https%3A%2F%2Fldb-phinf.pstatic.net%2F20200804_187%2F1596527830504qVPWt_JPEG%2Fcw9FlV8EaO00lDLOk5KfFCEK.jpg
여행,별밤미술관 in 첨단,미술관,광주 광산구 첨단중앙로182번길 39 광산구청소년수련관.쌍암공원관리사무소,쌍암동 653-1복,광주광역시 광산구,[],https://search.pstatic.net/common/?autoRotate=true&type=w560_sharpen&src=https%3A%2F%2Fldb-phinf.pstatic.net%2F20220728_266%2F1658969478676wwxiy_JPEG%2F%25C3%25B7%25B4%25DC_%25BA%25B0%25B9%25E3_%25BC%25F6%25C1%25A4.jpg
여행,별밤미술관 in수완,미술관,주 광산구 신가동 1051,"우편번호
62307복",광주광역시 광산구,[],https://search.pstatic.net/common/?autoRotate=true&type=w560_sharpen&src=https%3A%2F%2Fldb-phinf.pstatic.net%2F20210301_262%2F1614609131998mQjBt_JPEG%2FqPIlBxge_p3mGySRhxyiOWEY.jpg
여행,별밤미술관in운남,미술관,광주 광산구 목련로 156,운남동 799-1복,광주광역시 광산구,[],https://search.pstatic.net/common/?autoRotate=true&type=w560_sharpen&src=https%3A%2F%2Fldb-phinf.pstatic.net%2F20210325_193%2F1616671532066TyG5H_JPEG%2FRP2LP0RmpdTF2M8yyL0eX0TK.jpg
여행,마한문화공원,"도시,테마공원",남 영암군 시종면 옥야리 526,"우편번호
526841복",전라남도 영암군,['http://cafe.daum.net/mahanculturalpark/'],https://search.pstatic.net/common/?autoRotate=true&type=w560_sharpen&src=https%3A%2F%2Fldb-phinf.pstatic.net%2F20150831_167%2F1441018448143SVUiq_JPEG%2F96069565432904_0.jpg
여행,통명산,산,,전남 곡성군 삼기면 노동리복,전라남도 곡성군,[],https://search.pstatic.net/common/?autoRotate=true&type=w560_sharpen&src=http%3A%2F%2Fblogfiles.naver.net%2FMjAyMTA0MDdfMTMw%2FMDAxNjE3NzUzOTAxODA2.swMZeSWkFGzFSlB-4H9WvRjFd-8fDAfASx9K3sprqTog.XFYSZ9L18tdv1dc6l6KgOmfrP-yDg5y47a7k8ygEc8Ig.JPEG.elkjbc%2F%25C5%25EB%25B8%25ED%25BB%25EA_072.JPG
여행,조태일시문학기념관,"기념관,생가",전남 곡성군 죽곡면 태안로 622-38,원달리 799복,전라남도 곡성군,[],https://search.pstatic.net/common/?autoRotate=true&type=w560_sharpen&src=http%3A%2F%2Fblogfiles.naver.net%2FMjAyMjEwMTdfNDgg%2FMDAxNjY1OTk1Nzk1NjMz.ZcP308p2nye7tUKBAO176mC4XB-y2wqijUK0QoDF-Fog.7iy2N2cXcVQGtnztmX_JwWyhhi-ZW39ck3n6MhB66Wcg.JPEG.jdreamjee%2F20221012_113231.jpg
여행,우치공원 동물원,동물원,광주 북구 우치로 677 우치공원,생용동 658복,광주광역시,['https://www.gwangju.go.kr/uchipark/'],https://search.pstatic.net/common/?autoRotate=true&type=w560_sharpen&src=https%3A%2F%2Fvideo-phinf.pstatic.net%2F20231103_1%2F1699000995237obfv5_JPEG%2F05cb1d63-7a25-11ee-95cd-a0369ffbf8a4_03.jpg
여행,녹색에너지체험관광주전남지역본부,"공공,행정시설",광주 북구 첨단과기로 123,오룡동 1복,광주광역시,[],
여행,광주시민의숲,"도시,테마공원",광주 북구 추암로 190,월출동 968복,광주광역시,[],https://search.pstatic.net/common/?autoRotate=true&type=w560_sharpen&src=https%3A%2F%2Fpup-review-phinf.pstatic.net%2FMjAyMzEwMjVfMzkg%2FMDAxNjk4MjEzMDk0NTU2.xm8UtSOUaUmz6xTGgTmOxfCpTzPWfI8Z7IbM4KK7bA4g.MFViFch8E-5C1bnAmnC9Ou1JCcwKu-F7HbFwplQLNV0g.JPEG%2F20231025_144841.jpg
여행,풍암정,"문화,유적",광주 북구 풍암제길 117,금곡동 718복,광주광역시,[],https://search.pstatic.net/common/?autoRotate=true&type=w560_sharpen&src=https%3A%2F%2Fmoment-phinf.pstatic.net%2FMjAyMjEwMDhfMjUg%2FMDAxNjY1MjAzODMxMjcy.S40iEg3tD2fTZPvzmtnMognAzRQLrLidgrGutQaYa4Ug.2Eo1w7jNn2idEBk5f_XtAp8-7rkFrbx792kUk7sHGTwg.JPEG%2F7F168DFA-B9E7-4777-BB65-2D89FE51FDD8.jpg
여행,중외공원문화산책로,부속시설,주 북구 운암동 179-20,"우편번호
500170복",광주광역시,[],https://search.pstatic.net/common/?autoRotate=true&type=w560_sharpen&src=http%3A%2F%2Fblogfiles.naver.net%2FMjAyMjExMTBfMjIg%2FMDAxNjY4MDg2MDUxMTIw.yMC7el_a772JtgMLmqfSyje9q1AFfp7LeIrO_S842T0g.sJZAP7gbUbnkQPC6nmz3-Fd-h3-JzqoIwo3cRJ9Azocg.JPEG.huhasim%2F3Q0A6220.JPG
여행,5.18자유공원,"도시,테마공원",광주 서구 상무평화로 13,치평동 1161-6복,광주광역시,[],https://search.pstatic.net/common/?autoRotate=true&type=w560_sharpen&src=https%3A%2F%2Fldb-phinf.pstatic.net%2F20150831_91%2F1441010475163pRCCp_JPEG%2F126172525026627_0.jpg
여행,전평제근린공원,근린공원,주 서구 매월동 519-1,"우편번호
502153복",광주광역시,[],https://search.pstatic.net/common/?autoRotate=true&type=w560_sharpen&src=https%3A%2F%2Fmoment-phinf.pstatic.net%2FMjAyMzA3MTBfMjg2%2FMDAxNjg4OTc4ODM4NzE5.jGOVv-KJQOCvnGtKePyYgCq1kwxUDPW3GPNu43mfVDIg.tbdilLKktu8-hlvx8aufzBof-5KCT_w11GF8y9r9MXQg.JPEG%2F6d3bcfaa-1b17-4e44-8cd3-c069482607b6.jpg
여행,으능정이문화의거리,"공연,문화의거리",대전 중구 중앙로 145,은행동 216복,대전광역시,[],https://search.pstatic.net/common/?autoRotate=true&type=w560_sharpen&src=https%3A%2F%2Fpup-review-phinf.pstatic.net%2FMjAyMzA4MzBfMTUw%2FMDAxNjkzMzIzMzM2NDk4.ErwPaA56XkyKMrDMFvttv4kiNUPlhVYw9B9eouyJHJ4g.c3K-b9vkmTcTKwjX5npNenJZqN2sY028BIv3hfMYZyAg.JPEG%2F383D3926-70BE-431D-B0B6-AFC5B9972A77.jpeg
여행,조선대학교 장미원,부속건물,주 동구 서석동 300,"우편번호
61452복",광주광역시,['http://rose.chosun.ac.kr/'],https://search.pstatic.net/common/?autoRotate=true&type=w560_sharpen&src=http%3A%2F%2Fblogfiles.naver.net%2FMjAxNzA1MjZfMjAx%2FMDAxNDk1Nzc0MTQ4NTIx.6mkykYPNIToFn993fiZMAcYOPBv-wgZ9wkeV-qwzrkQg.3_L6LbOA-AjJlfczgaFqmSqefXzDeJyLZ1jFHifjmXcg.JPEG.yunmin6817%2F20170514_184433.jpg%231260x709
여행,아우라지,"강,하천",,강원 정선군 여량면복,강원도 정선군,[],https://search.pstatic.net/common/?autoRotate=true&type=w560_sharpen&src=https%3A%2F%2Fpup-review-phinf.pstatic.net%2FMjAyMzA5MDZfMTQ4%2FMDAxNjkzOTU4NzIwMzM5.zBxO25E4rXl1_c9o1_FYsXrWkAu0li2kT34D-E6Xc68g.v3UU5-F4h_QPcSo1vk9Bya6YgHEy9GHB3ANzfhYPX9wg.JPEG%2F8CA4A6AF-46A1-4DFA-A211-B219E9AA1DB8.jpeg
여행,섬진강기차마을,체험마을,전남 곡성군 오곡면 기차마을로 232,오지리 770-5복,전라남도 곡성군,['www.railtrip.co.kr/homepage'],https://search.pstatic.net/common/?autoRotate=true&type=w560_sharpen&src=https%3A%2F%2Fldb-phinf.pstatic.net%2F20150831_264%2F1441015461631gJLuB_JPEG%2F11671289_0.jpg
여행,섬진강기차마을,체험마을,전남 곡성군 오곡면 기차마을로 232,오지리 770-5복,전라남도 곡성군,['www.railtrip.co.kr/homepage'],https://search.pstatic.net/common/?autoRotate=true&type=w560_sharpen&src=https%3A%2F%2Fldb-phinf.pstatic.net%2F20150831_264%2F1441015461631gJLuB_JPEG%2F11671289_0.jpg
여행,협재해수욕장,"해수욕장,해변",주 제주시 한림읍 협재리 2497-1,"우편번호
695934복",제주특별자치도 제주시,['http://www.visitjeju.net'],https://search.pstatic.net/common/?autoRotate=true&type=w560_sharpen&src=https%3A%2F%2Fldb-phinf.pstatic.net%2F20150831_140%2F1440992306384X3SLE_JPEG%2F157155537129409_0.jpg
여행,곽지해수욕장,"해수욕장,해변",,제주 제주시 애월읍 곽지리복,제주특별자치도 제주시,['http://www.visitjeju.net'],https://search.pstatic.net/common/?autoRotate=true&type=w560_sharpen&src=https%3A%2F%2Fvideo-phinf.pstatic.net%2F20231027_96%2F1698386288928p2Fip_JPEG%2Fccb8fcc6-748d-11ee-9c90-d4f5ef58ad5e_03.jpg
여행,김녕해수욕장,"해수욕장,해변",,제주 제주시 구좌읍 김녕리복,제주특별자치도 제주시,['http://www.visitjeju.net'],https://search.pstatic.net/common/?autoRotate=true&type=w560_sharpen&src=https%3A%2F%2Fldb-phinf.pstatic.net%2F20150901_251%2F1441045632841nja34_JPEG%2F157155537127418_0.jpg
여행,원효사,"절,사찰",광주 북구 무등로 1514-35 원효사,금곡동 846복,광주광역시,['http://www.wonhyosa.org/'],https://search.pstatic.net/common/?autoRotate=true&type=w560_sharpen&src=https%3A%2F%2Fldb-phinf.pstatic.net%2F20150206_227%2F1423207052399eg4z5_JPEG%2F%25B1%25A4%25C1%25D6_%25BF%25F8%25C8%25BF%25BB%25E7_1.JPG%3Ftype%3Dm500_500
여행,문화근린공원,근린공원,광주 북구 대천로 86,문흥동 1009-1복,광주광역시,[],https://search.pstatic.net/common/?autoRotate=true&type=w560_sharpen&src=https%3A%2F%2Fpup-review-phinf.pstatic.net%2FMjAyMzA5MjlfMTA2%2FMDAxNjk1OTQwNTk5NDg2.KI5unGd_xzASIb08O76EEczHh5ISZwVLqRMPjlwaal4g.rLmwC3gWtt1doDxNlMDalSG_qJuH8Ax8jwqMGj1am8Mg.JPEG%2F20230926_120233.jpg
여행,용봉초록습지,근린공원,주 북구 용봉동 1010-2,"우편번호
500845복",광주광역시,[],https://search.pstatic.net/common/?autoRotate=true&type=w560_sharpen&src=https%3A%2F%2Fmoment-phinf.pstatic.net%2FMjAyMzA4MDFfMzEg%2FMDAxNjkwODUxNDIwMjgx.CQtrQM-_NZ-ZMccNYBkKFZpcskcmmMOZRNukB_x7WrUg.aFyxVOK8U9f5SxxGDJlzK7kmRcPXBF9NBivaurC0lJ8g.JPEG%2Fc84c20e5-6890-470d-a2dd-5580ecb3518a.jpg
여행,운암제,"저수지,제",,광주 북구 운암동복,광주광역시,[],
여행,국립5.18민주묘지,묘지,광주 북구 민주로 200 국립5.18민주묘지,운정동 산35복,광주광역시,['http://518.mpva.go.kr/'],https://search.pstatic.net/common/?autoRotate=true&type=w560_sharpen&src=https%3A%2F%2Fldb-phinf.pstatic.net%2F20150206_13%2F1423206941035w01cC_JPEG%2F%25B1%25A4%25C1%25D6_%25B1%25B9%25B8%25B3518%25B9%25CE%25C1%25D6%25B9%25A6%25C1%25F6_1.JPG%3Ftype%3Dm500_500
여행,국립5.18민주묘지5.18추모관,부속건물,광주 북구 민주로 200,운정동 563복,광주광역시,[],
여행,광주예술의전당,공연장,광주 북구 북문대로 60,운암동 328-16복,광주광역시,['http://gjart.gwangju.go.kr/'],https://search.pstatic.net/common/?autoRotate=true&type=w560_sharpen&src=https%3A%2F%2Fldb-phinf.pstatic.net%2F20150901_125%2F1441054149368FFKRc_JPEG%2F11847103_0.jpg
여행,광주기아챔피언스필드,프로야구장,광주 북구 서림로 10 무등종합경기장,임동 316 광주기아챔피언스필드복,광주광역시,['http://www.tigers.co.kr/ticket/information.asp'],https://search.pstatic.net/common/?autoRotate=true&type=w560_sharpen&src=https%3A%2F%2Fldb-phinf.pstatic.net%2F20200124_236%2F1579877916142pic2L_JPEG%2F1N0tD0cgXJC3iXCk4PbG7c_3.jpg
여행,전남대학교 광주캠퍼스 박물관,박물관,광주 북구 용봉로 77 전남대학교,용봉동 300복,광주광역시,['museum.jnu.ac.kr'],https://search.pstatic.net/common/?autoRotate=true&type=w560_sharpen&src=https%3A%2F%2Fldb-phinf.pstatic.net%2F20191123_163%2F1574513697095hAkhU_JPEG%2FXPc4NkBD6p0qgFqtOWrsa0WP.jpeg.jpg
여행,작괘천불고기,소고기구이,울산 울주군 삼남읍 등억알프스로 94-6,교동리 1706-6복,울산광역시 울주군,['http://jakgogi.co.kr/'],https://search.pstatic.net/common/?autoRotate=true&type=w560_sharpen&src=https%3A%2F%2Fldb-phinf.pstatic.net%2F20230811_279%2F1691740856394tUP6l_JPEG%2FIMG_9412.jpeg
여행,국립대운산치유의숲,"휴양림,산림욕장",울산 울주군 온양읍 대운상대길 225-92,운화리 산159-1복,울산광역시 울주군,['https://blog.naver.com/fowi9800'],https://search.pstatic.net/common/?autoRotate=true&type=w560_sharpen&src=https%3A%2F%2Fldb-phinf.pstatic.net%2F20190905_115%2F15676744147703brk7_JPEG%2F66cTdz8ov50f52mdxJeoBRFr.JPG.jpg
여행,간절곶스포츠파크,"도시,테마공원",울산 울주군 서생면 노석골길 96,서생리 725-7복,울산광역시 울주군,['http://www.uljusiseol.or.kr/'],https://search.pstatic.net/common/?autoRotate=true&type=w560_sharpen&src=http%3A%2F%2Fblogfiles.naver.net%2FMjAyMzEwMTdfOTkg%2FMDAxNjk3NTI1MTczMzY0.Mcsb665HOY3afMLTBgp1QxWn_ywFJPb7Pc_6c-G7RTcg.Ae8EKo15wZX3m5OAgGcuo1MV9yFLUZgrIXMRelfqXgQg.JPEG.rush0720%2F1697524575171.jpg
여행,어답산관광지,"관람,체험",원 횡성군 갑천면 병지방리 513-2,"우편번호
225842복",강원특별자치도 횡성군,[],https://search.pstatic.net/common/?autoRotate=true&type=w560_sharpen&src=http%3A%2F%2Fblogfiles.naver.net%2FMjAyMzA4MjVfMTc0%2FMDAxNjkyOTE4NzUwMjA1.ZLQCBzN7kP7CQYIm5-Xqh5x9GXg-G5OdJ2_1ddHua-gg.SXMN1feBBXCSn17RH8_3sYCBrLUo-fmKqzGfZocDeVgg.JPEG.adel0306%2F1692917968451.jpg
여행,유현문화관광지,"관람,체험",강원 횡성군 경강로유현1길 50,서원면 유현리 1122-2복,강원특별자치도 횡성군,[],https://search.pstatic.net/common/?autoRotate=true&type=w560_sharpen&src=http%3A%2F%2Fblogfiles.naver.net%2FMjAyMDA3MjVfMTUw%2FMDAxNTk1Njc4NDU4NDM3._3nC2pk1N69MAeOD8ogifKpcivfvy6rjswAVbKdJsPYg.2yVbGbffP3ZBjPVd5QyxCfAvWCFqjDEMmU1_UzEdSEQg.JPEG.jun_eun_love%2Foutput_1236401598.jpg
여행,송산근린공원,근린공원,주 광산구 송산동 177,"우편번호
506451복",광주광역시,[],https://search.pstatic.net/common/?autoRotate=true&type=w560_sharpen&src=https%3A%2F%2Fmoment-phinf.pstatic.net%2FMjAyMzA1MjhfMjYw%2FMDAxNjg1MjYxOTQ3ODU2.qf8af_xDb2lE2QMa2lddXOWrPAPvZCXrT3P2rU614SUg.ZIysO-5mLosbhd0VuyP7EF3IeM_N_nTf-dfCxf-5zOMg.JPEG%2F2220964d-20fb-49c7-bad0-e4cf29cc849f.jpg
여행,광주광역시도시공사 영락사이버추모공원,장례식장,광주 북구 영락공원로 170 영락공원,효령동 100-2복,광주광역시,['http://www.cyberyoungrak.or.kr/'],
여행,펭귄마을,"관람,체험",광주 남구 천변좌로446번길 7,양림동 201-64복,광주광역시,[],https://search.pstatic.net/common/?autoRotate=true&type=w560_sharpen&src=https%3A%2F%2Fldb-phinf.pstatic.net%2F20200425_22%2F1587802444131NA78Q_JPEG%2F2FLFKmUcJJNISBbU61tx5d0B.jpg
여행,빛고을농촌테마공원,테마공원,광주 남구 포충로 966-15,양과동 1290복,광주광역시,[],https://search.pstatic.net/common/?autoRotate=true&type=w560_sharpen&src=https%3A%2F%2Fvideo-phinf.pstatic.net%2F20230624_64%2F1687609886991Uwz2R_JPEG%2F08c583ca-128b-11ee-83da-d4f5ef5906a4_03.jpg
여행,동리단길카페거리,"거리,골목",주 동구 동명동 292,"우편번호
501070복",광주광역시,[],https://search.pstatic.net/common/?autoRotate=true&type=w560_sharpen&src=https%3A%2F%2Fmoment-phinf.pstatic.net%2FMjAyMjA2MThfMjk1%2FMDAxNjU1NTIwMDA4MTc4.vTZzHY7hU3ulmE7cO2BdDMfAg63BG2_5DTA7_nfuC-8g.th9Yd79WkRYcB44jDefIJBlYGkYWrhgOqyvknxuS93kg.JPEG%2F42A6522F-2E32-4B20-BEC1-C9BA2FDCDB10.jpg
여행,증심사,"절,사찰",광주 동구 증심사길 177,운림동 56복,광주광역시,['http://www.jeungsimsa.org/'],https://search.pstatic.net/common/?autoRotate=true&type=w560_sharpen&src=https%3A%2F%2Fldb-phinf.pstatic.net%2F20161230_86%2F1483071091773LO36a_JPEG%2F177180534150880_1.jpeg
여행,국립아시아문화전당어린이문화원,부속시설,주 동구 광산동 113,"우편번호
61485복",광주광역시,[],
여행,포충사,"문화,유적",광주 남구 포충로 767 포충사,원산동 947-4복,광주광역시,[],https://search.pstatic.net/common/?autoRotate=true&type=w560_sharpen&src=https%3A%2F%2Fpup-review-phinf.pstatic.net%2FMjAyMzEwMTNfMjc3%2FMDAxNjk3MjAxMzk0NTc4.6HnVS-94zPiVXdnrYhtwE5Vg3FQJIaStaJnduSN9bswg.3QnT_2drJzt5XkL2H4O4YRX44A_bTYg9legJP993Ql0g.JPEG%2FIMG_20231013_162336_199.jpg.jpg
여행,광주시립미술관 하정웅미술관,미술관,광주 서구 상무대로 1165,농성동 311-1복,광주광역시,['http://artmuse.gwangju.go.kr/?site=hajungwoong'],https://search.pstatic.net/common/?autoRotate=true&type=w560_sharpen&src=https%3A%2F%2Fmoment-phinf.pstatic.net%2FMjAyMzAyMDhfMTcy%2FMDAxNjc1ODYzNzEzODA2.fOLeztV2Omi-h28IFxl78OeBhpGZ5b7zsOGvD9HI8Rkg.9NlP_72L6r9WlC_AGlaPBhQ878ufaLNaKvzpWfDbkHAg.JPEG%2F71A4DF94-CBC2-4AF0-9A53-17ACA29FDCE8.jpg
여행,광주시립미술관,미술관,광주 북구 하서로 52,운암동 산42-3복,광주광역시,['artmuse.gwangju.go.kr'],https://search.pstatic.net/common/?autoRotate=true&type=w560_sharpen&src=https%3A%2F%2Fldb-phinf.pstatic.net%2F20230908_216%2F1694138852649KszC5_JPEG%2F%25C0%25CE%25BD%25BA%25C5%25B8.jpg
여행,수완호수공원,근린공원,광주 광산구 장신로82번길 57,장덕동 1681복,광주광역시,[],https://search.pstatic.net/common/?autoRotate=true&type=w560_sharpen&src=https%3A%2F%2Fvideo-phinf.pstatic.net%2F20231020_151%2F1697778974491MQcLy_JPEG%2Fc9b4fe17-6f07-11ee-ba0a-48df379cc9e4_03.jpg
여행,국립아시아문화전당,문화체육관광부,광주 동구 문화전당로 38,광산동 13복,광주광역시,['www.acc.go.kr'],https://search.pstatic.net/common/?autoRotate=true&type=w560_sharpen&src=https%3A%2F%2Fldb-phinf.pstatic.net%2F20151215_167%2F1450154478839gckS9_JPEG%2F167165537137700_0.jpeg
여행,전통문화관,전시관,광주 동구 의재로 222,운림동 323복,광주광역시,['http://www.gtcc.or.kr/'],https://search.pstatic.net/common/?autoRotate=true&type=w560_sharpen&src=https%3A%2F%2Fldb-phinf.pstatic.net%2F20200429_257%2F1588133119988CloA7_JPEG%2FmquibpDFkzhrved7gRVmcusp.jpeg.jpg
여행,광주백범기념관,"기념관,생가",광주 동구 천변우로 599 광주백범기념관,학동 1013복,광주광역시,['http://www.gjkimkoo.or.kr/'],https://search.pstatic.net/common/?autoRotate=true&type=w560_sharpen&src=https%3A%2F%2Fldb-phinf.pstatic.net%2F20160530_237%2F1464580785669tbM92_JPEG%2F176472503128905_0.jpeg
여행,광주학생독립운동기념관,"기념관,생가",광주 서구 학생독립로 30,화정동 512복,광주광역시,['http://gsim.gen.go.kr/'],https://search.pstatic.net/common/?autoRotate=true&type=w560_sharpen&src=http%3A%2F%2Fblogfiles.naver.net%2FMjAyMzExMDJfMTc1%2FMDAxNjk4OTA5NzMwMTMz.1SKb0iki2dsdX8a6qS4Ohxv4LGEDZAAlMZIYvINrmrog.WKWKXo8-PgvHB8ye7O7oZc496Xyu8fjpjCowrB1zln4g.JPEG.mpvalove%2F%25B3%25AA%25C1%25D6%25B1%25E2%25B3%25E4%25B0%25FC_%25C7%25F6%25C3%25E6.jpg
여행,산동교친수공원,근린공원,주 북구 동림동 130-15,"우편번호
500802복",광주광역시,[],https://search.pstatic.net/common/?autoRotate=true&type=w560_sharpen&src=https%3A%2F%2Fvideo-phinf.pstatic.net%2F20230815_90%2F1692092264204VmNfq_JPEG%2F619454b6-3b4f-11ee-8ba9-d4f5ef5906a4_03.jpg
여행,푸른길공원,근린공원,주 동구 계림동 730,"우편번호
501080복",광주광역시,[],https://search.pstatic.net/common/?autoRotate=true&type=w560_sharpen&src=https%3A%2F%2Fmoment-phinf.pstatic.net%2FMjAyMzA1MzBfMTYz%2FMDAxNjg1NDQwMTAyNTQ0.516i9rRmSy8IeFMgpLNBSBLixsKFozjE2D-yhlYtB9Ug.EOpUwlo_Jc2XseU_G52XLV935xTBy9L3srWjvQkyAHgg.JPEG%2F28273851-79d9-47aa-9613-9e4978b6d6b4.jpg
여행,40계단거리,"거리,골목",,부산 중구 중앙동4가복,부산광역시 중구,[],https://search.pstatic.net/common/?autoRotate=true&type=w560_sharpen&src=https%3A%2F%2Fpup-review-phinf.pstatic.net%2FMjAyMzA5MjhfMjM3%2FMDAxNjk1ODYyNjU5Mzkw.6dK2DoJwZZQJyIegj7drCvVe97d4Hi1la6M2DwS_K3sg.Gz2pE0TK9ZqqaLP61A0AqP6gzG04HD1RjxcW5iU7p2Qg.JPEG%2F20230927_175109.jpg
여행,스타벅스 BIFF광장점,카페,부산 중구 비프광장로 25,남포동3가 1-3복,부산광역시 중구,['http://www.starbucks.co.kr/'],https://search.pstatic.net/common/?autoRotate=true&type=w560_sharpen&src=https%3A%2F%2Fldb-phinf.pstatic.net%2F20190828_93%2F1566953601239OT9MQ_PNG%2FxX7Wv642gXMoTI0DAv0hRymS.png
여행,영도대교,도로시설,,부산 중구 중앙동7가복,부산광역시 중구,[],https://search.pstatic.net/common/?autoRotate=true&type=w560_sharpen&src=https%3A%2F%2Fldb-phinf.pstatic.net%2F20190727_75%2F1564230077248OMYbP_JPEG%2FhiXArZMPgZ8EVh8HjukgVXOG.jpg
여행,보수동책방골목,문화거리,부산 중구 대청로 67-1,보수동1가 151-1복,부산광역시 중구,['http://www.bosubook.com/'],https://search.pstatic.net/common/?autoRotate=true&type=w560_sharpen&src=https%3A%2F%2Fldb-phinf.pstatic.net%2F20150831_100%2F1441029309203sUP0t_JPEG%2F116351518644201_0.jpg
여행,용두산공원,근린공원,부산 중구 용두산길 37-55,광복동2가 1-2복,부산광역시 중구,['http://bisco.or.kr/yongdusanpark'],https://search.pstatic.net/common/?autoRotate=true&type=w560_sharpen&src=https%3A%2F%2Fldb-phinf.pstatic.net%2F20150831_94%2F1441007215058pjYya_JPEG%2F107074546925013_0.jpg
여행,동구릉,세계문화유산,경기 구리시 동구릉로 197,인창동 66-1복,경기도 구리시,['http://royaltombs.cha.go.kr/html/HtmlPage.do?pg=/new/html/portal_01_01_01.jsp&mn=RT_01_01'],https://search.pstatic.net/common/?autoRotate=true&type=w560_sharpen&src=https%3A%2F%2Fldb-phinf.pstatic.net%2F20150831_109%2F1441006869529UUjdV_JPEG%2F116167537375938_0.jpg
여행,보문관광단지,"관람,체험",,경북 경주시 신평동복,경상북도 경주시,[],https://search.pstatic.net/common/?autoRotate=true&type=w560_sharpen&src=https%3A%2F%2Fldb-phinf.pstatic.net%2F20150901_32%2F1441045711989yehWw_JPEG%2F13491979_0.jpg
여행,남당항,지역명소,,충남 홍성군 서부면 남당리복,충청남도 홍성군,['http://sm.mf24.net/37'],https://search.pstatic.net/common/?autoRotate=true&type=w560_sharpen&src=https%3A%2F%2Fldb-phinf.pstatic.net%2F20150901_250%2F1441045554283hJHK3_JPEG%2F13491001_0.jpg
여행,순천만국가정원,"도시,테마공원",전남 순천시 국가정원1호길 47,오천동 600복,전라남도 순천시,['scbay.suncheon.go.kr'],https://search.pstatic.net/common/?autoRotate=true&type=w560_sharpen&src=https%3A%2F%2Fldb-phinf.pstatic.net%2F20200320_222%2F1584663579458AwyvW_JPEG%2Fc066ym10drymk1c.jpg
여행,순천만습지,"자연,생태공원",전남 순천시 순천만길 513-25,대대동 162-2복,전라남도 순천시,['https://scbay.suncheon.go.kr/wetland'],https://search.pstatic.net/common/?autoRotate=true&type=w560_sharpen&src=https%3A%2F%2Fldb-phinf.pstatic.net%2F20150831_220%2F1441015420879fvyc4_JPEG%2F106472573232754_0.jpg
여행,순천 낙안읍성,문화재,남 순천시 낙안면 평촌리 6-4,"우편번호
540911복",전라남도 순천시,['http://nagan.suncheon.go.kr/'],https://search.pstatic.net/common/?autoRotate=true&type=w560_sharpen&src=https%3A%2F%2Fldb-phinf.pstatic.net%2F20211115_224%2F16369393512576zBtw_JPEG%2FP1000300-1.JPG
여행,순천드라마촬영장,촬영장소,전남 순천시 비례골길 24,조례동 22복,전라남도 순천시,[],https://search.pstatic.net/common/?autoRotate=true&type=w560_sharpen&src=https%3A%2F%2Fldb-phinf.pstatic.net%2F20150917_183%2F1442458854786qrdfX_JPEG%2FSUBMIT_1442458819684_13346461.jpg
여행,순천시립뿌리깊은나무박물관,박물관,전남 순천시 낙안면 평촌3길 45,남내리 219복,전라남도 순천시,['https://www.suncheon.go.kr/nagan/page06/0001/0001/'],https://search.pstatic.net/common/?autoRotate=true&type=w560_sharpen&src=https%3A%2F%2Fpup-review-phinf.pstatic.net%2FMjAyMzEwMTFfMzMg%2FMDAxNjk2OTk0Mzg4NDEx.zKygl_BXwFc3qSAaS1v4AWusdPxXu1ofaveGz52lRYUg.z-jHYksU3clAtKLnhpNDV3dFDBFi0A1UXGc4-aZJHoog.JPEG%2F7845E109-A59A-4F1E-9985-BA4654B6CA56.jpeg
여행,송광사,"절,사찰",전남 순천시 송광면 송광사안길 100 불일서점,신평리 12복,전라남도 순천시,['http://www.songgwangsa.org/'],https://search.pstatic.net/common/?autoRotate=true&type=w560_sharpen&src=https%3A%2F%2Fldb-phinf.pstatic.net%2F20150831_180%2F14410136495032QYrp_JPEG%2F11664039_0.jpg
여행,반구대암각화,국보,산 울주군 언양읍 대곡리 산234-1,"우편번호
689803복",울산광역시 울주군,['https://www.ulsan.go.kr/s/bangudaepetroglyphs/main.ulsan'],https://search.pstatic.net/common/?autoRotate=true&type=w560_sharpen&src=https%3A%2F%2Fvideo-phinf.pstatic.net%2F20231014_22%2F1697289758424a3Xg5_JPEG%2Fbda6e7bd-6a94-11ee-89eb-d4f5ef5a9532_03.jpg
여행,윤동주유고보존가옥,"기념관,생가",전남 광양시 진월면 망덕길 249,망덕리 23복,전라남도 광양시,[],https://search.pstatic.net/common/?autoRotate=true&type=w560_sharpen&src=https%3A%2F%2Fmoment-phinf.pstatic.net%2FMjAyMjA4MThfMzUg%2FMDAxNjYwNzg5NTA0MzM1._auYJpdiGSrAz-mxR7d1mrz5jk4O9ARGF0RWxLfAe9Ig.nzt4IvOO5c3KWywOl1yFNCU7bbAlUA3z_aHDQ-mVnYAg.JPEG%2F98E401B5-0806-41E8-A326-B962C2CD2E6D.jpg
여행,광양매화문화관,전시관,전남 광양시 다압면 지막1길 21,도사리 377복,전라남도 광양시,[],https://search.pstatic.net/common/?autoRotate=true&type=w560_sharpen&src=http%3A%2F%2Fblogfiles.naver.net%2FMjAyMzA5MDlfMjEy%2FMDAxNjk0MjQ5MjcxOTQ2.AUC2JI8AwuZY6gzWll0KI5O0iU33Wu7tgkAfmB-9deUg.qTumMbI0lHQcNp2oZS5DHQyViwO8RIeaJfJ4-iia5Ksg.JPEG.mjymodel%2FKakaoTalk_20230909_174447234_04.jpg
여행,사선대,"문화,유적",전북 임실군 관촌면 사선2길 68-7 사선대 관리 사무소,관촌리 222복,전라북도 임실군,[],https://search.pstatic.net/common/?autoRotate=true&type=w560_sharpen&src=https%3A%2F%2Fpup-review-phinf.pstatic.net%2FMjAyMzEwMjhfNTMg%2FMDAxNjk4NDkwNTQyNzEy.vYFOK2hQ-bannjsiMmP3MoLmqWQ7UpZYVWZyj0hJSfsg.xt10L8PiR2MXHlAMHXFYcVOkI4OcumBnGSbGkg1W_eAg.JPEG%2F1698490416437.jpg.jpg
여행,구리시고구려대장간마을,촬영장소,경기 구리시 우미내길 41,아천동 316-47복,경기도 구리시,['https://www.guri.go.kr/main/gbv'],https://search.pstatic.net/common/?autoRotate=true&type=w560_sharpen&src=https%3A%2F%2Fldb-phinf.pstatic.net%2F20150901_226%2F1441053764543OXyTi_JPEG%2F106078583949614_0.jpg
여행,초당동굴,동굴,,강원 삼척시 근덕면 금계리복,강원특별자치도 삼척시,[],
여행,광덕계곡,계곡,,강원 화천군 사내면 광덕리복,강원도 화천군,[],https://search.pstatic.net/common/?autoRotate=true&type=w560_sharpen&src=https%3A%2F%2Fldb-phinf.pstatic.net%2F20150901_206%2F14410456992684PxJg_JPEG%2F13491901_0.jpg
여행,구드래나루터선착장,선착장,충남 부여군 부여읍 나루터로 72,구교리 420복,충청남도 부여군,[],https://search.pstatic.net/common/?autoRotate=true&type=w560_sharpen&src=http%3A%2F%2Fblogfiles.naver.net%2FMjAxNzA4MTNfNyAg%2FMDAxNTAyNTk0MTkwMzk3.sXroMuDxS6z36DbTKxuTl4pLyGPHty1vyGExqsRddPcg.Y_Mq8EW6dlqn8WUkfai5X-O8rQ7G0Y12daflDg0je_0g.JPEG.iamromy%2F%25C0%25AF%25B6%25F7%25BC%25B1_005.jpg%23930x620
여행,부여서동요역사관광지,"관람,체험",충남 부여군 충화면 충신로 616,가화리 275복,충청남도 부여군,[],https://search.pstatic.net/common/?autoRotate=true&type=w560_sharpen&src=http%3A%2F%2Fblogfiles.naver.net%2FMjAyMzEwMDlfMTMw%2FMDAxNjk2ODQ5MDMxNTE3.HAwozXc6bKwvrGMBvWauGbcWj8LPjsJl8cco8aoC0IEg.D1x4JIgsgxEgXCIIlWUUrwwJpSX6WZSjxZn_lbp0ytEg.JPEG.hskim2764%2F20230917%25A3%25DF132016.jpg
여행,뿌리공원,테마공원,대전 중구 뿌리공원로 79 뿌리공원,침산동 산34복,대전광역시 중구,['https://www.djjunggu.go.kr/hyo/index.do'],https://search.pstatic.net/common/?autoRotate=true&type=w560_sharpen&src=https%3A%2F%2Fldb-phinf.pstatic.net%2F20150831_173%2F1441020418048Aiy1L_JPEG%2F116361613874945_0.jpg
여행,중흥골드스파&리조트,"콘도,리조트",전남 나주시 다도면 나주호로 558-314,방산리 1449-4복,전라남도 나주시,['http://www.jhgoldresort.co.kr/'],https://search.pstatic.net/common/?autoRotate=true&type=w560_sharpen&src=https%3A%2F%2Fldb-phinf.pstatic.net%2F20171120_36%2F1511138881058J4Oig_JPEG%2F18buWITpKV6o0FkFAlkVS7uG.jpg
여행,나주영상테마파크 (운영 잠정 중단),촬영장소,전남 나주시 공산면 덕음로 450 주몽세트장,신곡리 산23-1복,전라남도 나주시,[],https://search.pstatic.net/common/?autoRotate=true&type=w560_sharpen&src=https%3A%2F%2Fldb-phinf.pstatic.net%2F20150831_281%2F1441004755072J1ULJ_JPEG%2F107076635677689_0.jpg
여행,나주박경중가옥,문화재,,전남 나주시 남내동복,전라남도 나주시,[],https://search.pstatic.net/common/?autoRotate=true&type=w560_sharpen&src=http%3A%2F%2Fblogfiles.naver.net%2FMjAyMzEwMTJfMjEx%2FMDAxNjk3MDc0NzMyNDI1.Keuu8q79sLSbAkaBWv-1G7KnOye1Rt5LiN8pkKs5MS4g.T5Baz2M4V_sMi-jwcH1p2x04GaFSACidmHrMBaXzS_cg.JPEG.companyahn%2F%25B3%25B2%25C6%25C4%25B4%25DE%25B8%25DB_%25C0%25CC%25BE%25DF%25B1%25E2_%25C4%25DC%25BC%25AD%25C6%25AE_%25B8%25F0%25B9%25D9%25C0%25CF_%25BE%25C8%25B3%25BB%25C0%25E53.jpg
여행,배알도수변공원,"도시,테마공원",남 광양시 태인동 1632-13,"우편번호
545885복",전라남도 광양시,[],https://search.pstatic.net/common/?autoRotate=true&type=w560_sharpen&src=https%3A%2F%2Fpup-review-phinf.pstatic.net%2FMjAyMzEwMTdfMjE1%2FMDAxNjk3NTM5OTc3NzI1.A92USSduAuu_VsUsIs5I55I4lkWsOwOaW7YuYb3o4sog.0yCXrZa1osMB9kqZ5mGnY1FqfHXnDLZkNUZ_XoIZQxcg.JPEG%2F20231017_191643.jpg
여행,광양김시식지,"유적지,사적지",전남 광양시 김시식지1길 57-6,태인동 829-1복,전라남도 광양시,[],https://search.pstatic.net/common/?autoRotate=true&type=w560_sharpen&src=http%3A%2F%2Fblogfiles.naver.net%2FMjAyMzA5MDFfMzAw%2FMDAxNjkzNTM1MjI4MjQx.Ms846cuf6aUhioJ5MtZ8VMt__NCefyQBbQihxBKMZQYg.LoVPcww7nYd6CLPO1uv3PL2G0FJ6G4tpm8ZBBiPHLTwg.PNG.hotelelena%2Fimage.png
여행,다산초당,문화재,,전남 강진군 도암면 만덕리복,전라남도 강진군,[],https://search.pstatic.net/common/?autoRotate=true&type=w560_sharpen&src=https%3A%2F%2Fldb-phinf.pstatic.net%2F20150831_282%2F14410145243307xFk9_JPEG%2F107165547739126_0.jpg
여행,백련사,"절,사찰",전남 강진군 도암면 백련사길 145 백련사,만덕리 246복,전라남도 강진군,['http://www.baekryunsa.net/'],https://search.pstatic.net/common/?autoRotate=true&type=w560_sharpen&src=https%3A%2F%2Fldb-phinf.pstatic.net%2F20150901_28%2F1441049284567FDhVn_JPEG%2F117170554073921_0.jpg
여행,평창백룡동굴,동굴,,강원 평창군 미탄면 마하리복,강원특별자치도 평창군,['http://pc.go.kr/cave'],https://search.pstatic.net/common/?autoRotate=true&type=w560_sharpen&src=https%3A%2F%2Fldb-phinf.pstatic.net%2F20180508_27%2F1525772802716uMev9_JPEG%2F%25F8%25AA_1000_2.jpg
여행,맹방해수욕장,"해수욕장,해변",,강원 삼척시 근덕면복,강원특별자치도 삼척시,[],https://search.pstatic.net/common/?autoRotate=true&type=w560_sharpen&src=https%3A%2F%2Fldb-phinf.pstatic.net%2F20150901_284%2F1441045553676BTGPv_JPEG%2F157155536976227_0.jpg
여행,녹진국민관광단지,"관람,체험",전남 진도군 명량대첩로 7,군내면 녹진리 산4-4복,전라남도 진도군,[],https://search.pstatic.net/common/?autoRotate=true&type=w560_sharpen&src=https%3A%2F%2Fvideo-phinf.pstatic.net%2F20231001_201%2F1696094490745z9Ul0_JPEG%2Fcb178798-5fb5-11ee-89eb-d4f5ef5a9532_03.jpg
여행,어린이교통공원,공원,,광주 북구 오룡동복,광주광역시,[],
여행,국립광주과학관,과학관,광주 북구 첨단과기로 235,오룡동 1-6복,광주광역시,['www.sciencecenter.or.kr'],https://search.pstatic.net/common/?autoRotate=true&type=w560_sharpen&src=https%3A%2F%2Fldb-phinf.pstatic.net%2F20210513_150%2F1620872094839Sr9Rl_JPEG%2FNYA7FkmpULO0jnm1V7zIP3uB.jpg
여행,국립광주박물관,박물관,광주 북구 하서로 110,매곡동 430복,광주광역시,['gwangju.museum.go.kr'],https://search.pstatic.net/common/?autoRotate=true&type=w560_sharpen&src=https%3A%2F%2Fldb-phinf.pstatic.net%2F20170915_113%2F1505455502177NhaJx_JPEG%2FYPWbdhKbRz_HZeCCBDYI2Phe.jpg
여행,역사문화공원,근린공원,광주 광산구 왕버들로 331,신창동 1173-2복,광주광역시,[],https://search.pstatic.net/common/?autoRotate=true&type=w560_sharpen&src=https%3A%2F%2Fmoment-phinf.pstatic.net%2FMjAyMjExMjZfMjU0%2FMDAxNjY5NDQ1ODM5MDE3.6TYzQj2v9K_s7_bRUq27y452a7Kn6y2NhmCOgAgzQO4g.E2eDqScRbUMypJN8ITG7EztrUsAZQ_VtYchJskDz3Wkg.JPEG%2Fd9d4602b-aab3-4864-9761-42124c22b519.jpg
여행,푸른길공원,근린공원,주 동구 계림동 730,"우편번호
501080복",광주광역시,[],https://search.pstatic.net/common/?autoRotate=true&type=w560_sharpen&src=https%3A%2F%2Fmoment-phinf.pstatic.net%2FMjAyMzA1MzBfMTYz%2FMDAxNjg1NDQwMTAyNTQ0.516i9rRmSy8IeFMgpLNBSBLixsKFozjE2D-yhlYtB9Ug.EOpUwlo_Jc2XseU_G52XLV935xTBy9L3srWjvQkyAHgg.JPEG%2F28273851-79d9-47aa-9613-9e4978b6d6b4.jpg
여행,운남동근린공원,근린공원,광주 광산구 목련로 156,운남동 799-1복,광주광역시,[],https://search.pstatic.net/common/?autoRotate=true&type=w560_sharpen&src=https%3A%2F%2Fpup-review-phinf.pstatic.net%2FMjAyMzEwMDJfMjA5%2FMDAxNjk2MjU2NzQ4ODE4.cu2RT_ER7ztIUMHdqKvxGPn3RmDZTO8GWWM42TmAfEwg.q1CTQfNoZVFwl7Ixh2TihpBqaapG4Dm7CVFDrB7rhxsg.JPEG%2F20230921_165544.jpg
여행,충주탄금공원,테마공원,충북 충주시 남한강로 46,금릉동 600복,충청북도 충주시,[],https://search.pstatic.net/common/?autoRotate=true&type=w560_sharpen&src=https%3A%2F%2Fvideo-phinf.pstatic.net%2F20231017_263%2F169752408532679cHO_JPEG%2F53c4118c-6cb6-11ee-ac75-48df379ccacc_03.jpg
여행,오수의견관광지,"관람,체험",북 임실군 오수면 금암리 252-3,"우편번호
566892복",전라북도 임실군,[],https://search.pstatic.net/common/?autoRotate=true&type=w560_sharpen&src=http%3A%2F%2Fblogfiles.naver.net%2FMjAyMzA0MTdfMjE3%2FMDAxNjgxNjk0NzQyMDY1.09I8b0-VLUTt3NEU-G_iuE-sxpL4LhBrfQlnCHW2qRog.PCTCWsQz2a9cuDXylzq9orfYmblSoXsjPxs0-iw8jHMg.PNG.nanum_in%2F01.png
여행,평창돌문화체험관,"체험,홍보관",강원 평창군 바위공원길 111,평창읍 중리 15-3복,강원특별자치도 평창군,[],https://search.pstatic.net/common/?autoRotate=true&type=w560_sharpen&src=https%3A%2F%2Fpup-review-phinf.pstatic.net%2FMjAyMzA4MjlfMjc3%2FMDAxNjkzMjg5MDcwMDQ5.TQHcOAHZaAFnHHEaUbi2zEDuakafKS63iYXjSzGo2v0g.5ljY4QUOWtEi1uSOBx7a8HmVFrOSO7kv7qgCcAE65r0g.JPEG%2F20230825_160605.jpg
여행,장호해수욕장,"해수욕장,해변",,강원 삼척시 근덕면복,강원특별자치도 삼척시,[],https://search.pstatic.net/common/?autoRotate=true&type=w560_sharpen&src=https%3A%2F%2Fldb-phinf.pstatic.net%2F20150901_81%2F1441045706710qz1PB_JPEG%2F157155536977524_0.jpg
여행,속초해수욕장,"해수욕장,해변",,강원 속초시 조양동복,강원도 속초시,['http://www.sokchotour.com'],https://search.pstatic.net/common/?autoRotate=true&type=w560_sharpen&src=https%3A%2F%2Fldb-phinf.pstatic.net%2F20150831_118%2F1440992297003ljlnp_JPEG%2F157155537020287_0.jpg
여행,한화리조트 설악 쏘라노,"콘도,리조트",강원 속초시 미시령로2983번길 111,장사동 24-1복,강원도 속초시,['http://www.hanwharesort.co.kr'],https://search.pstatic.net/common/?autoRotate=true&type=w560_sharpen&src=https%3A%2F%2Fldb-phinf.pstatic.net%2F20171128_231%2F1511838979846lsYP4_JPEG%2F___IMG_6934_%2528%25A1%25C0%2529.jpg
여행,경암근린공원,근린공원,광주 광산구 하남대로54번안길 133,하남동 663복,광주광역시,[],https://search.pstatic.net/common/?autoRotate=true&type=w560_sharpen&src=https%3A%2F%2Fpup-review-phinf.pstatic.net%2FMjAyMzEwMjhfMTY1%2FMDAxNjk4NDk4NTIwNzcx.HOeD9FGMoxAIgIa1zyCrAP7K2nvY4zV6XtyL3f89a4Ag.wQu3rh0GD-ANF-1tCrlnVglsnUcrT6RvfOZ1doMOrsQg.JPEG%2F20231028_135748.jpg
여행,무양서원,"문화,유적",광주 광산구 산월로21번길 26,월계동 535-2복,광주광역시,[],https://search.pstatic.net/common/?autoRotate=true&type=w560_sharpen&src=https%3A%2F%2Fmoment-phinf.pstatic.net%2FMjAyMjEyMDJfMjM0%2FMDAxNjY5OTM4MTY5MTMz.weoZI9zgJF0UYEkIgOqRW-tf4bfKmi5W1K-x7_Atdz4g.L3FsZl_hW3FJoiiRVPQAc6xa6WKNFkoGz69sNDDRDdIg.JPEG%2FD747851C-AEE7-4BD4-A932-46BAA93AD25D.jpg
여행,용아생가,"기념관,생가",광주 광산구 소촌로46번길 24,소촌동 363-1복,광주광역시,[],https://search.pstatic.net/common/?autoRotate=true&type=w560_sharpen&src=http%3A%2F%2Fblogfiles.naver.net%2FMjAyMzA3MzFfMTQx%2FMDAxNjkwNzMyODkxODI4.kvkhHNh4Tcj4fwlsMan6-XnGfeL73g-ZTIVMN8UcvCwg.jYJaDl_xI3IsUWNA5uT-Lhmb6lm_Qr7ITJzXmI15LSwg.JPEG.marinblue666%2FIMG_6482.JPG
여행,1913송정역시장,시장,광주 광산구 송정로8번길 13,송정동 990-18복,광주광역시,['http://www.comeon.gwangsan.go.kr/guest/ssMarket/main/index.nbz'],https://search.pstatic.net/common/?autoRotate=true&type=w560_sharpen&src=http%3A%2F%2Fblogfiles.naver.net%2FMjAxODA3MTFfMjU4%2FMDAxNTMxMjg3NzkwNjUw.A74zcI6NzRz2So8YiYFmV6UAFLxuSVp3v7uYONqNZFog.ifoEixqhgO7JGFyqlj7cbDzKsjywzZf3Ahg2lIF1LQ0g.JPEG.yjoshjh%2FIMG_7124.JPG%23900x600
여행,경장각,기념물,광주 광산구 용아로 460,흑석동 206복,광주광역시,[],https://search.pstatic.net/common/?autoRotate=true&type=w560_sharpen&src=http%3A%2F%2Fblogfiles.naver.net%2FMjAyMTA3MTJfMjU2%2FMDAxNjI2MDc3MjQ2Nzc4.vegc2NOsHZ77giROAFxIlTSBNaSNqddKrxyDiv9rlYMg.HPLD48LNaatPLWmLB1A_NvAbzENG63z-gRS7O3_S6GIg.JPEG.gooddas88855%2FKakaoTalk_20210712_160136775_12.jpg
여행,양림문화역사마을,"거리,골목",,광주 남구 양림동복,광주광역시,[],https://search.pstatic.net/common/?autoRotate=true&type=w560_sharpen&src=http%3A%2F%2Fblogfiles.naver.net%2FMjAyMzA5MDdfMjI1%2FMDAxNjk0MDg2NjQyMDAx.q_ANqg0IIyNymTeQ6koo8VDue9wkLeG5WUKJgkK9o-kg.rM-CSIFV09znp4uJDwnmU5D3dPKGSuJYdObtGSeBBMYg.JPEG.hhs9283%2F20230901%25A3%25DF155147.jpg
여행,부용정,문화재,,광주 남구 칠석동복,광주광역시,[],https://search.pstatic.net/common/?autoRotate=true&type=w560_sharpen&src=https%3A%2F%2Fpup-review-phinf.pstatic.net%2FMjAyMzA5MjlfMTg2%2FMDAxNjk1OTQwMTM4MDYy.ILFaTSdeNLiNnDxVZGbP6U4PpmonHH173UUfDYxdQFcg.l3TpXvcsD8uSJOIorv4fxKFdHTAgJk_iURVZhd_ujuAg.JPEG%2F20230204_192453.jpg
여행,구곡폭포,폭포,강원 춘천시 남산면 강촌구곡길 254,강촌리 432복,강원특별자치도 춘천시,[],https://search.pstatic.net/common/?autoRotate=true&type=w560_sharpen&src=https%3A%2F%2Fldb-phinf.pstatic.net%2F20150831_196%2F14409922880160wiId_JPEG%2F11491586_0.jpg
여행,춘천호반체육관,체육관,강원 춘천시 우석로 102 호반체육관,석사동 산29-3복,강원특별자치도 춘천시,['https://www.cuc.or.kr/'],https://search.pstatic.net/common/?autoRotate=true&type=w560_sharpen&src=https%3A%2F%2Fldb-phinf.pstatic.net%2F20221102_176%2F16673546462236M5TB_PNG%2F%25C8%25A3%25B9%25DD%25C3%25BC%25C0%25B0%25B0%25FC.PNG
여행,청평사계곡,계곡,,강원 춘천시 북산면복,강원특별자치도 춘천시,[],https://search.pstatic.net/common/?autoRotate=true&type=w560_sharpen&src=https%3A%2F%2Fldb-phinf.pstatic.net%2F20150901_100%2F1441045652542t0rX6_JPEG%2F13491600_0.jpg
여행,신영,에어컨,강원 춘천시 애막골길20번길 9-1,석사동 756-12복,강원특별자치도 춘천시,[],https://search.pstatic.net/common/?autoRotate=true&type=w560_sharpen&src=https%3A%2F%2Fldb-phinf.pstatic.net%2F20190916_122%2F15685847442259tjyi_JPEG%2FR2D8sq5iASymROGEDU4vxNcE.jpg
여행,소금산그랜드밸리,유원지,강원 원주시 지정면 소금산길 12,간현리 1056-24복,강원도 원주시,['https://cms.wfmc.kr/web/index.do'],https://search.pstatic.net/common/?autoRotate=true&type=w560_sharpen&src=https%3A%2F%2Fldb-phinf.pstatic.net%2F20230717_180%2F1689568727297Jl3vg_JPEG%2F%25BC%25D2%25B1%25DD%25BB%25EA_%25BB%25E7%25C1%25F8.jpeg
여행,광양기독교100주년기념관,"기념관,생가",전남 광양시 진상면 성지로 399 사단법인광양시기독선교100주년기념관,황죽리 1395복,전라남도 광양시,['http://kyc100.onmam.com/view/main.do'],https://search.pstatic.net/common/?autoRotate=true&type=w560_sharpen&src=http%3A%2F%2Fblogfiles.naver.net%2FMjAyMTEyMThfMjcx%2FMDAxNjM5NzYxNTgwNjM3.QgVJHrZo9vNof09YF7q3zUB8l_u6O91Nn2vUJwWLEs4g.P-qqxGmsRWfckWVTIWzQzY0N0NEtFq4zpIGieovkTS4g.JPEG.gwangyangsi%2F2.jpg
여행,장림포구,항구,부산 사하구 장림로93번길 72,장림동 1092복,부산광역시 사하구,[],https://search.pstatic.net/common/?autoRotate=true&type=w560_sharpen&src=https%3A%2F%2Fldb-phinf.pstatic.net%2F20200315_61%2F1584231309077Cu6ch_JPEG%2FwzdATqGwhOMsFluhC5MWsl91.jpeg.jpg
여행,꽃보라동산,근린공원,구 북구 산격동 1384-1,"우편번호
702010복",대구광역시 북구,[],https://search.pstatic.net/common/?autoRotate=true&type=w560_sharpen&src=https%3A%2F%2Fldb-phinf.pstatic.net%2F20200416_91%2F1587026277148jtvov_JPEG%2FH_VKOiYfqu6XkqOgAQ7YvOtq.jpg
여행,운암지 수변공원,"도시,테마공원",구 북구 구암동 349,"우편번호
702806복",대구광역시 북구,[],https://search.pstatic.net/common/?autoRotate=true&type=w560_sharpen&src=https%3A%2F%2Fldb-phinf.pstatic.net%2F20150831_268%2F1441009629640elynO_JPEG%2F126168505536732_0.jpg
여행,하중도유채꽃단지,"관람,체험",구 북구 노곡동 740,"우편번호
702090복",대구광역시 북구,[],https://search.pstatic.net/common/?autoRotate=true&type=w560_sharpen&src=https%3A%2F%2Fvideo-phinf.pstatic.net%2F20231106_172%2F1699197590264U5sPg_JPEG%2Fc1c83360-7bee-11ee-88f6-a0369ffddb8c_03.jpg
여행,경북대학교 대구캠퍼스,대학교,대구 북구 대학로 80 경북대학교,산격동 1370-1복,대구광역시 북구,[],
여행,함지근린공원,근린공원,대구 북구 동암로38길 12,구암동 773복,대구광역시 북구,[],https://search.pstatic.net/common/?autoRotate=true&type=w560_sharpen&src=https%3A%2F%2Fpup-review-phinf.pstatic.net%2FMjAyMzA5MTlfMTQ1%2FMDAxNjk1MTAzNTg2NTQy.7qZGDHN-bt3D0VujDeCYRVMIKlWoAYvhRzLHE1kp5gAg.DewfV5_O0nGty51838w-FzkmHl3AEF3O8DsKeSDovB8g.JPEG%2F20230919_145630.jpg
여행,미륵사지,세계문화유산,북 익산시 금마면 기양리 32-7,"우편번호
570911복",전라북도 익산시,[],https://search.pstatic.net/common/?autoRotate=true&type=w560_sharpen&src=https%3A%2F%2Fvideo-phinf.pstatic.net%2F20231017_185%2F1697514698833XPCBL_JPEG%2F79093df8-6ca0-11ee-9a63-a0369ffdb4b0_03.jpg
여행,왕궁보석테마관광지,"관람,체험",전북 익산시 왕궁면 호반로 8 보석박물관,동용리 656-1복,전라북도 익산시,[],https://search.pstatic.net/common/?autoRotate=true&type=w560_sharpen&src=http%3A%2F%2Fblogfiles.naver.net%2FMjAyMzA4MzFfMTgg%2FMDAxNjkzNDc1MjMzNjE4.LnGJOg_5REJaTwHdzjFieai0cfZc24nrJ9wkPH7L7BEg.I-uH04-ZcLy8d-zPwovhnLPXuoSW8p4mdLkMr0jFZXAg.JPEG.chorokunni%2F20230826_155412.jpg
여행,웅포관광지곰개나루터,"관람,체험",전북 익산시 웅포면 강변로 25 곰개나루공원,웅포리 729복,전라북도 익산시,[],https://search.pstatic.net/common/?autoRotate=true&type=w560_sharpen&src=https%3A%2F%2Fmoment-phinf.pstatic.net%2FMjAyMzA0MDZfMjM0%2FMDAxNjgwNzg5NTk5OTU2.ouDh1kW2EVnnod7CB9PheKlVVuXzWF-atqerc9-JgvAg.1RdZ0TztbWWkVoH38R62wcsSTMG_8YAbC2Z3xjzkabUg.JPEG%2F4b7995b8-9b1a-478b-9aba-0abc62300990.jpg
여행,소요산국민관광지,"관람,체험",경기 동두천시 상봉암동 평화로2910번길 148-20,산1-1복,경기도 동두천시,[],https://search.pstatic.net/common/?autoRotate=true&type=w560_sharpen&src=https%3A%2F%2Fldb-phinf.pstatic.net%2F20200607_219%2F1591490091464XpcEl_JPEG%2F7eWhEXpmEAlxfKmNRvuvRRye.jpg
여행,광주사직공원전망타워,부속시설,,광주 남구 양림동복,광주광역시,[],https://search.pstatic.net/common/?autoRotate=true&type=w560_sharpen&src=https%3A%2F%2Fvideo-phinf.pstatic.net%2F20230929_278%2F1695938337658pjCz0_JPEG%2F38066d3a-5e4a-11ee-968b-80615f0bccec_03.jpg
여행,광주사직공원,근린공원,광주 남구 사직길 49,사동 177복,광주광역시,[],https://search.pstatic.net/common/?autoRotate=true&type=w560_sharpen&src=https%3A%2F%2Fpup-review-phinf.pstatic.net%2FMjAyMzEwMDNfMjI4%2FMDAxNjk2MzMxODYxNTM2.8fu73vg3xZMZ9NsLUcwEQ1mNaxyL1-r0_zoPccTYmEEg.ZS6S8b5dehdBkoU556u3rs6e2MxOmc544FuaLNlhNUYg.JPEG%2F20231002_200408.jpg
여행,효천물빛노닐터,근린공원,광주 남구 효천로 140,임암동 986복,광주광역시,[],https://search.pstatic.net/common/?autoRotate=true&type=w560_sharpen&src=https%3A%2F%2Fmoment-phinf.pstatic.net%2FMjAyMjExMjRfMjUw%2FMDAxNjY5Mjc5MzAwNzU3.WQj5epDCbHsKrzC_ktmEjlULJc5gtlaNO5BSnWTbA0Ug.aQkQFWRjEjysRyvfbbZgkP84bZKV3gtWKZAo0K6QZdcg.JPEG%2F13c5027f-bff1-4f99-9e02-1e003e3cb8fe.jpg
여행,광복로,도로명칭,,부산 중구 창선동1가복,부산광역시 중구,[],
여행,부산영화체험박물관,박물관,부산 중구 대청로126번길 12 부산영화체험박물관,동광동3가 41-4복,부산광역시 중구,['http://www.busanbom.kr'],https://search.pstatic.net/common/?autoRotate=true&type=w560_sharpen&src=https%3A%2F%2Fldb-phinf.pstatic.net%2F20221005_119%2F1664950995897DKiI8_JPEG%2FIMG_1584.jpg
여행,느랭이골,"휴양림,산림욕장",전남 광양시 다압면 토끼재길 119-32 느랭이골,신원리 산125복,전라남도 광양시,['https://booking.naver.com/booking/3/bizes/51985'],https://search.pstatic.net/common/?autoRotate=true&type=w560_sharpen&src=https%3A%2F%2Fldb-phinf.pstatic.net%2F20220115_280%2F1642225869338FtRlL_JPEG%2F%25B4%25D9%25BF%25EE%25B7%25CE%25B5%25E5.jpg
여행,구봉산전망대,전망대,전남 광양시 구봉산전망대길 155,황길동 산228-1복,전라남도 광양시,[],https://search.pstatic.net/common/?autoRotate=true&type=w560_sharpen&src=https%3A%2F%2Fvideo-phinf.pstatic.net%2F20230916_160%2F1694868647942cMbQU_JPEG%2Fa74027f3-548f-11ee-b3ec-80615f0bcf30_03.jpg
